Trial Number	Score	Moogles Eaten	Time Taken	Data Location
0	8085	99	292.5638563632965	B15CA15data0
1	7285	89	144.69231009483337	B15CA15data1
2	7631	97	168.98079538345337	B15CA15data2
3	7214	92	219.34012579917908	B15CA15data3
4	8119	105	250.50039315223694	B15CA15data4
5	7918	101	192.84188675880432	B15CA15data5
6	8033	100	224.44823670387268	B15CA15data6
