Trial Number	Score	Time Taken	Data Location
0	3886	42.12485861778259	val2data0
1	4032	65.60986089706421	val2data1
2	3860	57.75650954246521	val2data2
3	3545	30.54131245613098	val2data3
4	3604	34.236162424087524	val2data4
5	4190	55.83888030052185	val2data5
6	3588	47.16033101081848	val2data6
7	4368	84.27683520317078	val2data7
8	3596	53.02404761314392	val2data8
9	4513	70.85615992546082	val2data9
