Trial Number	Score	Moogles Eaten	Time Taken	Data Location
0	3471	59	39.06701350212097	pygtest2data0
1	4519	68	103.07690501213074	pygtest2data1
