Trial Number	Score	Time Taken	Data Location
0	4220	67.39295625686646	test3data0
1	3226	38.169644355773926	test3data1
2	4626	103.31642460823059	test3data2
