Trial Number	Score	Time Taken	Data Location
0	3584	36.95617151260376	test32data0
1	3822	45.4244818687439	test32data1
2	4242	43.35100603103638	test32data2
